-- Data export generated by export-database-js.js

-- Data for table users (insert first - no dependencies)
INSERT INTO users (user_id, email, password, role, full_name, phone_number, created_at, last_login) VALUES ('313f53ad-0269-4ac2-aba4-b0f5cc86fdee', 'citizen2@example.com', '$2a$10$uwWHErQv9k8Z3ESnqTAm8u6545zF23gTJ5ekoIQft1HZbONoDrXDy', 'citizen', 'Jane Citizen', '0944444444', '2025-05-21T00:26:35.824Z', NULL);
INSERT INTO users (user_id, email, password, role, full_name, phone_number, created_at, last_login) VALUES ('06fa2252-c4fc-4207-a139-ec87da81ffd3', 'citizen3@example.com', '$2a$10$caw.4MMXXF.cxN/ubyrbru0lzXw9Ogpriqh/WPFrwCfg2vlS9N47S', 'citizen', 'Bob Citizen', '0955555555', '2025-05-21T00:26:35.824Z', NULL);
INSERT INTO users (user_id, email, password, role, full_name, phone_number, created_at, last_login) VALUES ('bd722171-c04c-4e80-a799-399692757463', 'citizen1@example.com', '$2a$10$hm3J9mO86jcXP.R8uySpBO4kZ9ErYIFLFO8OrXOPD6SGtfne6ybw.', 'citizen', 'John Citizen', '0933333333', '2025-05-21T00:26:35.824Z', '2025-05-21T07:08:01.383Z');
INSERT INTO users (user_id, email, password, role, full_name, phone_number, created_at, last_login) VALUES ('73ea39ac-8182-47fb-8ad3-b767e6ea15c5', 'codemk1218@gmail.com', '$2a$10$6JnNne3CeHzJeRM5XamIWO.JccJ2FVVMGpFqGMKiiohhGybKGAWBa', 'citizen', 'mk code', '0933894492', '2025-05-21T13:08:23.930Z', NULL);
INSERT INTO users (user_id, email, password, role, full_name, phone_number, created_at, last_login) VALUES ('d12ec42f-62da-4712-89cf-650d50b0f7a7', 'abcs@gamil.com', '$2a$10$tu7T6EhUO/HJG71vMeTif.uPpGczCA1C70ngnMBZEmT6iFJqhwMb2', 'citizen', 'mk code', '0933894495', '2025-05-21T13:11:04.780Z', NULL);
INSERT INTO users (user_id, email, password, role, full_name, phone_number, created_at, last_login) VALUES ('67a22678-0175-4dee-9583-e3e8b517b7a8', 'admin@example.com', '$2a$10$scPIB7vRSFp5061dJsrmJObfn.sFAE/utwVQhfalz22CMq1BE6fye', 'admin', 'Admin User', '0911111111', '2025-05-21T00:26:35.824Z', '2025-05-21T21:31:59.715Z');
INSERT INTO users (user_id, email, password, role, full_name, phone_number, created_at, last_login) VALUES ('7e9b263b-3d47-4d6d-ad86-77ac5ba9e0a1', 'gikebuddano-9895@yopmail.com', '$2a$10$Ui7LC2ne9RT.9B4uhpG9bev5REWiXeDU3P7raRqGEnfKUSUFMzqEu', 'citizen', 'mk code', '0933894490', '2025-05-21T21:54:52.752Z', NULL);
INSERT INTO users (user_id, email, password, role, full_name, phone_number, created_at, last_login) VALUES ('4c84b12f-a745-44d9-a9a6-ace618091ec1', 'official@example.com', '$2a$10$CK7Cta9WQesn.OEccM.eA.ptLQRnDvkojW2CP1CCGk0HdAHimOlLq', 'official', 'Government Official', '0922222222', '2025-05-21T00:26:35.824Z', '2025-05-22T00:24:58.212Z');

-- Data for table offices (insert second - depends on users for parent_office_id)
INSERT INTO offices (office_id, name, type, latitude, longitude, address, contact_info, operating_hours, parent_office_id, upvote_count, downvote_count) VALUES ('328e4f74-4896-4dfd-8d6b-00c86be70599', 'Addis Ababa City Administration', 'municipal', '9.02220000', '38.74680000', 'Kirkos, Addis Ababa', 'Phone: +251 11 551 3346', 'Monday-Friday: 8:30 AM - 5:00 PM', NULL, 0, 0);
INSERT INTO offices (office_id, name, type, latitude, longitude, address, contact_info, operating_hours, parent_office_id, upvote_count, downvote_count) VALUES ('5767101c-235d-4353-8e1f-26f2989967aa', 'Bole Sub-City Office', 'woreda', '8.98060000', '38.75780000', 'Bole Road, Addis Ababa', 'Phone: +251 11 661 2345', 'Monday-Friday: 8:30 AM - 5:00 PM', '328e4f74-4896-4dfd-8d6b-00c86be70599', 0, 0);
INSERT INTO offices (office_id, name, type, latitude, longitude, address, contact_info, operating_hours, parent_office_id, upvote_count, downvote_count) VALUES ('8963bb00-62d4-466c-af0c-06a3e99699c0', 'Kirkos Sub-City Office', 'woreda', '9.01370000', '38.76110000', 'Kazanchis, Addis Ababa', 'Phone: +251 11 551 8765', 'Monday-Friday: 8:30 AM - 5:00 PM', '328e4f74-4896-4dfd-8d6b-00c86be70599', 0, 0);
INSERT INTO offices (office_id, name, type, latitude, longitude, address, contact_info, operating_hours, parent_office_id, upvote_count, downvote_count) VALUES ('4a05c892-4ee6-4e23-b76b-069c01459726', 'Federal Transport Authority', 'federal', '9.03410000', '38.76120000', 'Mexico Square, Addis Ababa', 'Phone: +251 11 551 7170', 'Monday-Friday: 8:30 AM - 5:00 PM', NULL, 0, 0);
INSERT INTO offices (office_id, name, type, latitude, longitude, address, contact_info, operating_hours, parent_office_id, upvote_count, downvote_count) VALUES ('2badae38-cff7-4c40-af09-52d43231ce6f', 'Yeka Sub-City Office', 'woreda', '9.02990000', '38.80790000', 'Yeka, Addis Ababa', 'Phone: +251 11 646 9876', 'Monday-Friday: 8:30 AM - 5:00 PM', '328e4f74-4896-4dfd-8d6b-00c86be70599', 4, 0);

-- Data for table reviews
INSERT INTO reviews (review_id, user_id, office_id, rating, comment, is_anonymous, created_at, updated_at, status) VALUES ('1aa7cf79-4d51-402f-94c2-199974020088', '313f53ad-0269-4ac2-aba4-b0f5cc86fdee', '5767101c-235d-4353-8e1f-26f2989967aa', 2, 'Long waiting times and confusing instructions. Had to come back multiple times to complete a simple process.', false, '2025-05-21T00:26:35.824Z', '2025-05-21T00:26:35.824Z', 'approved');
INSERT INTO reviews (review_id, user_id, office_id, rating, comment, is_anonymous, created_at, updated_at, status) VALUES ('e52ec6d1-a845-4c86-a1bf-34e3bcea8aa6', '06fa2252-c4fc-4207-a139-ec87da81ffd3', '8963bb00-62d4-466c-af0c-06a3e99699c0', 5, 'Excellent service! The new online system made everything much faster and more efficient.', false, '2025-05-21T00:26:35.824Z', '2025-05-21T00:26:35.824Z', 'approved');
INSERT INTO reviews (review_id, user_id, office_id, rating, comment, is_anonymous, created_at, updated_at, status) VALUES ('5c51dbaf-42a9-4de3-bec0-7adda013c4a5', NULL, '2badae38-cff7-4c40-af09-52d43231ce6f', 3, 'Average experience. Some staff were helpful, others not so much. The process could be more streamlined.', true, '2025-05-21T00:26:35.824Z', '2025-05-21T00:26:35.824Z', 'approved');
INSERT INTO reviews (review_id, user_id, office_id, rating, comment, is_anonymous, created_at, updated_at, status) VALUES ('e729a9c9-07c2-46b2-a37e-e26b8b11d5b8', '313f53ad-0269-4ac2-aba4-b0f5cc86fdee', '4a05c892-4ee6-4e23-b76b-069c01459726', 1, 'Terrible experience. Waited for hours only to be told I was missing a document that wasn''t mentioned on the website.', false, '2025-05-21T00:26:35.824Z', '2025-05-21T00:26:35.824Z', 'approved');
INSERT INTO reviews (review_id, user_id, office_id, rating, comment, is_anonymous, created_at, updated_at, status) VALUES ('8fc98e8c-21a1-4881-ad24-9a656f72abaa', NULL, '5767101c-235d-4353-8e1f-26f2989967aa', 5, 'nice', false, '2025-05-21T01:06:42.206Z', '2025-05-21T01:06:42.206Z', 'pending');
INSERT INTO reviews (review_id, user_id, office_id, rating, comment, is_anonymous, created_at, updated_at, status) VALUES ('3db498f6-6501-48b4-ac9f-4abefb603ea9', 'bd722171-c04c-4e80-a799-399692757463', '328e4f74-4896-4dfd-8d6b-00c86be70599', 4, 'The staff was helpful and the process was straightforward. Only had to wait about 30 minutes.', false, '2025-05-21T00:26:35.824Z', '2025-05-21T02:49:06.136Z', 'approved');
INSERT INTO reviews (review_id, user_id, office_id, rating, comment, is_anonymous, created_at, updated_at, status) VALUES ('41284e6e-7d7b-4d65-ae3b-a06cc51e9920', NULL, '4a05c892-4ee6-4e23-b76b-069c01459726', 5, 'nice', false, '2025-05-21T02:56:34.524Z', '2025-05-21T02:56:34.524Z', 'pending');

-- Data for table sentiment_logs
INSERT INTO sentiment_logs (log_id, review_id, sentiment, category, confidence_score, processed_at, language) VALUES ('9299d3a9-d615-4e2e-ade2-01f13cbec8d5', '8fc98e8c-21a1-4881-ad24-9a656f72abaa', 'neutral', NULL, '0.6000', '2025-05-21T01:06:42.211Z', 'english');
INSERT INTO sentiment_logs (log_id, review_id, sentiment, category, confidence_score, processed_at, language) VALUES ('ef5b9475-3008-4709-b4da-c336b235e044', '41284e6e-7d7b-4d65-ae3b-a06cc51e9920', 'neutral', NULL, '0.6000', '2025-05-21T02:56:34.536Z', 'english');

-- Data for table service_guides
INSERT INTO service_guides (guide_id, office_id, title, content, language, created_at, updated_at) VALUES ('83767c06-9d00-4413-a902-d68c4162b11d', '328e4f74-4896-4dfd-8d6b-00c86be70599', 'How to Get a Driver''s License', '{"description":"A guide to obtaining a driver''s license in Ethiopia","requirements":["Valid ID","Medical certificate","Application form","Payment receipt"],"steps":[{"title":"Submit Application","description":"Fill out the application form and submit it with required documents"},{"title":"Take Written Test","description":"Pass the written test about traffic rules and regulations"},{"title":"Take Practical Test","description":"Pass the practical driving test"},{"title":"Receive License","description":"Collect your driver''s license"}],"estimated_time":"2-4 weeks","fees":"ETB 500","documents":[{"name":"Application Form","url":"#"}],"category":"Transportation"}', 'english', '2025-05-21T00:26:35.824Z', '2025-05-21T00:26:35.824Z');
INSERT INTO service_guides (guide_id, office_id, title, content, language, created_at, updated_at) VALUES ('fa5675c1-daf7-4cf8-9a24-9c5f2cdb2c6f', '5767101c-235d-4353-8e1f-26f2989967aa', 'Business Registration Process', '{"description":"How to register a new business in Addis Ababa","requirements":["Business plan","ID documents","TIN certificate","Office lease agreement"],"steps":[{"title":"Name Verification","description":"Check if your business name is available"},{"title":"Submit Documents","description":"Submit all required documents"},{"title":"Pay Fees","description":"Pay registration fees"},{"title":"Collect Certificate","description":"Collect your business registration certificate"}],"estimated_time":"1-2 weeks","fees":"ETB 1,000 - 5,000 (depends on business type)","documents":[{"name":"Registration Form","url":"#"}],"category":"Business"}', 'english', '2025-05-21T00:26:35.824Z', '2025-05-21T00:26:35.824Z');
INSERT INTO service_guides (guide_id, office_id, title, content, language, created_at, updated_at) VALUES ('64533209-9982-4fe0-b5cb-cba5cf5f7553', '8963bb00-62d4-466c-af0c-06a3e99699c0', 'Residence ID Card Application', '{"description":"Process for obtaining a residence ID card","requirements":["Birth certificate","Passport photos","Proof of address","Application form"],"steps":[{"title":"Fill Application","description":"Complete the application form"},{"title":"Submit Documents","description":"Submit all required documents at your local kebele office"},{"title":"Verification","description":"Wait for verification of your information"},{"title":"Collect ID Card","description":"Collect your ID card when ready"}],"estimated_time":"1-3 weeks","fees":"ETB 100","documents":[{"name":"ID Application Form","url":"#"}],"category":"Identity"}', 'english', '2025-05-21T00:26:35.824Z', '2025-05-21T00:26:35.824Z');

-- Data for table office_votes
INSERT INTO office_votes (vote_id, user_id, office_id, vote_type, created_at, updated_at) VALUES ('f1a2b3c4-d5e6-7f8a-9b0c-1d2e3f4a5b6c', 'bd722171-c04c-4e80-a799-399692757463', '2badae38-cff7-4c40-af09-52d43231ce6f', 'upvote', '2025-05-21T00:26:35.824Z', '2025-05-21T00:26:35.824Z');
INSERT INTO office_votes (vote_id, user_id, office_id, vote_type, created_at, updated_at) VALUES ('a1b2c3d4-e5f6-7a8b-9c0d-1e2f3a4b5c6d', '313f53ad-0269-4ac2-aba4-b0f5cc86fdee', '2badae38-cff7-4c40-af09-52d43231ce6f', 'upvote', '2025-05-21T00:26:35.824Z', '2025-05-21T00:26:35.824Z');
INSERT INTO office_votes (vote_id, user_id, office_id, vote_type, created_at, updated_at) VALUES ('b2c3d4e5-f6a7-8b9c-0d1e-2f3a4b5c6d7e', '06fa2252-c4fc-4207-a139-ec87da81ffd3', '2badae38-cff7-4c40-af09-52d43231ce6f', 'upvote', '2025-05-21T00:26:35.824Z', '2025-05-21T00:26:35.824Z');
INSERT INTO office_votes (vote_id, user_id, office_id, vote_type, created_at, updated_at) VALUES ('c3d4e5f6-a7b8-9c0d-1e2f-3a4b5c6d7e8f', '73ea39ac-8182-47fb-8ad3-b767e6ea15c5', '2badae38-cff7-4c40-af09-52d43231ce6f', 'upvote', '2025-05-21T00:26:35.824Z', '2025-05-21T00:26:35.824Z');



-- Data for table votes
INSERT INTO votes (vote_id, user_id, review_id, vote_type, created_at) VALUES ('845d46ca-cd47-4f71-ad44-ff25e7ef4e99', '4c84b12f-a745-44d9-a9a6-ace618091ec1', '3db498f6-6501-48b4-ac9f-4abefb603ea9', 'helpful', '2025-05-21T00:26:35.824Z');
INSERT INTO votes (vote_id, user_id, review_id, vote_type, created_at) VALUES ('4fa0c26e-c493-4877-b410-a485a9a7c8c9', 'bd722171-c04c-4e80-a799-399692757463', '3db498f6-6501-48b4-ac9f-4abefb603ea9', 'flag', '2025-05-21T00:26:35.824Z');
INSERT INTO votes (vote_id, user_id, review_id, vote_type, created_at) VALUES ('2865f668-8e00-4bb2-a367-9749149a7bce', '313f53ad-0269-4ac2-aba4-b0f5cc86fdee', '3db498f6-6501-48b4-ac9f-4abefb603ea9', 'not_helpful', '2025-05-21T00:26:35.824Z');
INSERT INTO votes (vote_id, user_id, review_id, vote_type, created_at) VALUES ('578ba421-0120-4eb9-a72d-1e1579797f8f', '4c84b12f-a745-44d9-a9a6-ace618091ec1', '1aa7cf79-4d51-402f-94c2-199974020088', 'helpful', '2025-05-21T00:26:35.824Z');
INSERT INTO votes (vote_id, user_id, review_id, vote_type, created_at) VALUES ('63e4fd3c-dea5-4425-96f9-92010c9a0492', 'bd722171-c04c-4e80-a799-399692757463', '1aa7cf79-4d51-402f-94c2-199974020088', 'not_helpful', '2025-05-21T00:26:35.824Z');
INSERT INTO votes (vote_id, user_id, review_id, vote_type, created_at) VALUES ('5f13947e-1897-4678-b5f1-791deab986a1', '313f53ad-0269-4ac2-aba4-b0f5cc86fdee', '1aa7cf79-4d51-402f-94c2-199974020088', 'not_helpful', '2025-05-21T00:26:35.824Z');
INSERT INTO votes (vote_id, user_id, review_id, vote_type, created_at) VALUES ('41920f16-55c5-4b38-806c-d4d63566d08e', '06fa2252-c4fc-4207-a139-ec87da81ffd3', '1aa7cf79-4d51-402f-94c2-199974020088', 'helpful', '2025-05-21T00:26:35.824Z');
INSERT INTO votes (vote_id, user_id, review_id, vote_type, created_at) VALUES ('2fdc0754-e7e6-4206-8b67-018ecb923853', '4c84b12f-a745-44d9-a9a6-ace618091ec1', 'e52ec6d1-a845-4c86-a1bf-34e3bcea8aa6', 'helpful', '2025-05-21T00:26:35.824Z');
INSERT INTO votes (vote_id, user_id, review_id, vote_type, created_at) VALUES ('8d8c6f26-9174-419f-9fd6-acaf813f2195', 'bd722171-c04c-4e80-a799-399692757463', 'e52ec6d1-a845-4c86-a1bf-34e3bcea8aa6', 'not_helpful', '2025-05-21T00:26:35.824Z');
INSERT INTO votes (vote_id, user_id, review_id, vote_type, created_at) VALUES ('4d2b8a64-32cb-4837-afde-9c8eb5dd14d7', '313f53ad-0269-4ac2-aba4-b0f5cc86fdee', 'e52ec6d1-a845-4c86-a1bf-34e3bcea8aa6', 'helpful', '2025-05-21T00:26:35.824Z');
INSERT INTO votes (vote_id, user_id, review_id, vote_type, created_at) VALUES ('aaa2ac0f-40f7-4993-95a1-55eca7d26c6e', '4c84b12f-a745-44d9-a9a6-ace618091ec1', '5c51dbaf-42a9-4de3-bec0-7adda013c4a5', 'helpful', '2025-05-21T00:26:35.824Z');
INSERT INTO votes (vote_id, user_id, review_id, vote_type, created_at) VALUES ('c1c45a37-ecde-4b07-8cd9-f095e9cd0d76', 'bd722171-c04c-4e80-a799-399692757463', '5c51dbaf-42a9-4de3-bec0-7adda013c4a5', 'flag', '2025-05-21T00:26:35.824Z');
INSERT INTO votes (vote_id, user_id, review_id, vote_type, created_at) VALUES ('9c815780-cd31-45a8-b681-f3bd4baae21a', '313f53ad-0269-4ac2-aba4-b0f5cc86fdee', '5c51dbaf-42a9-4de3-bec0-7adda013c4a5', 'not_helpful', '2025-05-21T00:26:35.824Z');
INSERT INTO votes (vote_id, user_id, review_id, vote_type, created_at) VALUES ('c689eaad-4024-46a0-9e34-b3ae40b9ff99', '06fa2252-c4fc-4207-a139-ec87da81ffd3', '5c51dbaf-42a9-4de3-bec0-7adda013c4a5', 'not_helpful', '2025-05-21T00:26:35.824Z');
INSERT INTO votes (vote_id, user_id, review_id, vote_type, created_at) VALUES ('7fbe4d22-0062-441b-b126-a5f75b2526d6', '4c84b12f-a745-44d9-a9a6-ace618091ec1', 'e729a9c9-07c2-46b2-a37e-e26b8b11d5b8', 'helpful', '2025-05-21T00:26:35.824Z');
INSERT INTO votes (vote_id, user_id, review_id, vote_type, created_at) VALUES ('ea463697-4263-4f63-a860-995948ae6c6e', 'bd722171-c04c-4e80-a799-399692757463', 'e729a9c9-07c2-46b2-a37e-e26b8b11d5b8', 'not_helpful', '2025-05-21T00:26:35.824Z');
INSERT INTO votes (vote_id, user_id, review_id, vote_type, created_at) VALUES ('08eb40ba-bf0c-4b93-a4db-c0a1fde84855', '313f53ad-0269-4ac2-aba4-b0f5cc86fdee', 'e729a9c9-07c2-46b2-a37e-e26b8b11d5b8', 'flag', '2025-05-21T00:26:35.824Z');
INSERT INTO votes (vote_id, user_id, review_id, vote_type, created_at) VALUES ('e5f976d4-f41f-46b5-9500-2f8b40c6ba6c', '06fa2252-c4fc-4207-a139-ec87da81ffd3', 'e729a9c9-07c2-46b2-a37e-e26b8b11d5b8', 'not_helpful', '2025-05-21T00:26:35.824Z');

-- Data for table notifications
INSERT INTO notifications (notification_id, user_id, title, message, type, related_entity_type, related_entity_id, is_read, created_at) VALUES ('a1a2b3c4-d5e6-7f8a-9b0c-1d2e3f4a5b6c', '67a22678-0175-4dee-9583-e3e8b517b7a8', 'New Review Submitted', 'A new review has been submitted for Yeka Sub-City Office', 'info', 'review', '5c51dbaf-42a9-4de3-bec0-7adda013c4a5', false, '2025-05-21T00:26:35.824Z');
INSERT INTO notifications (notification_id, user_id, title, message, type, related_entity_type, related_entity_id, is_read, created_at) VALUES ('b2b3c4d5-e6f7-8a9b-0c1d-2e3f4a5b6c7d', '4c84b12f-a745-44d9-a9a6-ace618091ec1', 'Review Approved', 'Your review for Federal Transport Authority has been approved', 'success', 'review', 'e729a9c9-07c2-46b2-a37e-e26b8b11d5b8', true, '2025-05-21T00:26:35.824Z');
INSERT INTO notifications (notification_id, user_id, title, message, type, related_entity_type, related_entity_id, is_read, created_at) VALUES ('c3c4d5e6-f7a8-9b0c-1d2e-3f4a5b6c7d8e', 'bd722171-c04c-4e80-a799-399692757463', 'Office Information Updated', 'Addis Ababa City Administration information has been updated', 'info', 'office', '328e4f74-4896-4dfd-8d6b-00c86be70599', false, '2025-05-21T00:26:35.824Z');

